Country,Years,Homicide,Burglary,Rape,Theft,Education,GDP,Unemployment,Migration
Afghanistan,2014,-0.1,-0.1,-0.1,-0.1,0.9796535035309937,0.5356703479105716,-0.1,-0.1
Albania,2014,0.3210881708680428,0.31462357724699563,0,0.6782169534482855,0.8245079663220395,0.694489557816366,0.8502519384403716,-0.1
Algeria,2014,0,0.5260814095707742,0.15329048865267808,0.5777093381815493,0.8438631878598168,0.7092356356292745,0.7196122763402332,-0.1
Andorra,2014,-0.1,0.6564179933513254,0.45987146595803424,0.8639158061013534,0.6618493869311838,0.884272801728491,-0.1,-0.1
Angola,2014,-0.1,-0.1,-0.1,-0.1,0.9568778437082763,0.7166534460021404,-0.1,-0.1
Anguilla,2014,0.7717923993184792,-0.1,-0.1,-0.1,-0.1,0.8216912165887473,-0.1,-0.1
"Antigua and Barbuda",2014,-0.1,-0.1,-0.1,-0.1,0.7881562355394939,0.7863536767355441,-0.1,-0.1
Argentina,2014,0.4816322563020642,-0.1,0.4859193524634333,0.7848761351371799,0.7269559209843837,0.7818875079371022,0.583970804646981,-0.1
Armenia,2014,0.1605440854340214,0.5952975723882119,0,0.6078119213008292,0.8461502734671293,0.6801773527165508,0.8674052715162407,-0.1
Aruba,2014,-0.1,-0.1,-0.1,-0.1,-0.1,0.8359984660792058,-0.1,-0.1
Australia,2014,0,0.9081580376440408,-0.1,0.9204788333287792,0.13236987738623673,0.9080435207901192,0.5377099345963751,-0.1
Austria,2014,-0.1,0.9169210694182215,0.5092199809343437,0.8997048596873661,0.6069109240409528,0.8934669393765551,0.5377099345963751,-0.1
Azerbaijan,2014,0.1605440854340214,0.327646691923335,-0.1,0.49606147582394083,0.8319979210339762,0.7382060513464213,0.48299493849177877,-0.1
Bahamas,2014,-0.1,-0.1,-0.1,-0.1,0.7754202260559419,0.8253056955330524,-0.1,-0.1
Bahrain,2014,-0.1,-0.1,-0.1,-0.1,0.7352602452275264,0.832380382285903,-0.1,-0.1
Bangladesh,2014,0.25445635512549747,-0.1,-0.1,-0.1,0.9423333569162553,0.5758445237923053,-0.1,-0.1
Barbados,2014,0.5089127102509949,0.8626786812284887,0.6511668842969229,0.7889610329295997,0.7617737530329647,0.7938772036623691,0.7457245322728846,-0.1
Belarus,2014,0.3210881708680428,-0.1,0,0.7308755548385694,0.7545665065379703,0.7402671529946866,-0.1,-0.1
Belgium,2014,-0.1,0.923103424822816,0.72887902869515,0.9082532680300174,0.5902944165713263,0.8866237113860422,0.6240437930295284,-0.1
Belgium***,2014,0.1605440854340214,-0.1,-0.1,-0.1,-0.1,-0.1,-0.1,-0.1
Belize,2014,0.8167620690281038,0.7382179663057886,0.5672422126236263,0.658811273957196,0.8850912549262498,0.6995129578828249,0.7457245322728846,-0.1
Benin,2014,-0.1,-0.1,-0.1,-0.1,0.9773800318510203,0.5604954255877359,-0.1,-0.1
Bermuda,2014,0.4150004405595189,0.9200472098500797,0.15329048865267808,0.8359523333453831,-0.1,0.9400342368895785,-0.1,-0.1
Bhutan,2014,0.25445635512549747,0.5074198263273693,-0.1,0.5126683253819107,0.9324655858398058,0.6463463459759391,0.32969533691986563,-0.1
"Bolivia (Plurinational State of)",2014,-0.1,-0.1,-0.1,-0.1,0.9110546165372616,0.6627119333464141,-0.1,-0.1
"Bosnia and Herzegovina",2014,0,0.7649643650684212,0,0.6085929632894755,0.8392051675289705,0.6989715821248808,1,-0.1
Botswana,2014,-0.1,0.6702532309739719,1,0.8685185977163417,0.8941436304192014,0.7309029531335088,-0.1,-0.1
Brazil,2014,0.7717923993184792,-0.1,-0.1,-0.1,0.8344306847059229,0.7716654670620459,0.583970804646981,-0.1
"British Virgin Islands",2014,-0.1,-0.1,-0.1,-0.1,-0.1,0.8503731584996349,-0.1,-0.1
"Brunei Darussalam",2014,-0.1,-0.1,-0.1,-0.1,0.6495245064883778,0.8747794252823197,-0.1,-0.1
Bulgaria,2014,0.1605440854340214,0.7325631200228367,0.15329048865267808,0.766364973851185,0.7687188589711236,0.7388674684917195,0.7196122763402332,-0.1
"Burkina Faso",2014,-0.1,-0.1,-0.1,-0.1,0.9969280404775208,0.5413852289656387,-0.1,-0.1
Burundi,2014,0.3210881708680428,-0.1,0.5302979632814363,0.23481407901462856,0.9958929736310222,0.4576408581035094,-0.1,-0.1
"Cabo Verde",2014,0.5940837102526896,-0.1,0.6392098411161113,0.8032709571847589,0.9174208515694122,0.6757754930140827,-0.1,-0.1
Cambodia,2014,-0.1,-0.1,-0.1,-0.1,0.9477512909505864,0.5759957754245584,-0.1,-0.1
Cameroon,2014,0.25445635512549747,0.24482473003492455,0.30658097730535616,0.5683016748484513,0.9606595388815916,0.5970199118055943,-0.1,-0.1
Canada,2014,0,0.8275946277305862,-0.1,0.8714630163850148,0.43972321460613517,0.8917008768523674,0.583970804646981,-0.1
"Cayman Islands",2014,-0.1,-0.1,-0.1,-0.1,-0.1,0.9083699557552526,-0.1,-0.1
"Central African Republic",2014,-0.1,-0.1,-0.1,-0.1,1,0.4858948410202058,-0.1,-0.1
Chad,2014,-0.1,-0.1,-0.1,-0.1,0.9979575274217366,0.5639776821160063,-0.1,-0.1
Chile,2014,0.3210881708680428,0.8925734771086402,0.6131619546107123,0.8430729288484641,0.6946675214863857,0.7895059944057222,0.5377099345963751,-0.1
China,2014,0,-0.1,-0.1,-0.1,0.8593257983706204,-0.1,-0.1,-0.1
"China. Hong Kong SAR",2014,-0.1,-0.1,-0.1,-0.1,-0.1,0.8733129305773688,-0.1,-0.1
"China. Hong Kong Special Administrative Region",2014,-0.1,-0.1,-0.1,-0.1,-0.1,-0.1,0.32969533691986563,-0.1
"China. Macao Special Administrative Region",2014,-0.1,-0.1,0.39625016488439474,0.7419391491212711,-0.1,0.9448664976679739,0.20801459767650946,-0.1
"China. People's Republic of",2014,-0.1,-0.1,-0.1,-0.1,-0.1,0.7369313220573951,-0.1,-0.1
Colombia,2014,0.7717923993184792,0.613324057340167,0.5988891685133824,0.6825117329372606,0.8696509813200475,0.7393054804911146,0.6593906738397313,-0.1
Comoros,2014,-0.1,-0.1,-0.1,-0.1,0.9692027241510822,0.6072452321430241,-0.1,-0.1
Congo,2014,-0.1,-0.1,-0.1,-0.1,0.9367572128666263,0.6627382916409625,-0.1,-0.1
"Congo (Democratic Republic of the)",2014,-0.1,-0.1,-0.1,-0.1,0.9874040487300366,-0.1,-0.1,-0.1
"Cook Islands",2014,-0.1,-0.1,-0.1,-0.1,-0.1,0.7936785795623975,-0.1,-0.1
"Costa Rica",2014,0.5333159078712726,-0.1,-0.1,-0.1,0.8000957084535689,0.7620538697711202,0.6910095361682882,-0.1
"Cote d'Ivoire",2014,-0.1,-0.1,-0.1,-0.1,-0.1,-0.1,-0.1,-0.1
Croatia,2014,0,0.8042730373168447,0.45987146595803424,0.6812392722961266,0.7269559209843837,0.7827082717833445,0.8502519384403716,-0.1
Cuba,2014,-0.1,-0.1,-0.1,-0.1,0.8057967098895799,0.7301856986465779,0.32969533691986563,-0.1
CuraÃ§ao,2014,-0.1,-0.1,-0.1,-0.1,-0.1,0.8167492903251845,-0.1,-0.1
Cyprus,2014,0,0.725317894666557,0,0.5346691708288958,0.6677258310673322,0.838506207901053,0.8320583907060378,-0.1
"Czech Republic",2014,-0.1,-0.1,-0.1,-0.1,0.6363489815848867,0.8144219246070227,-0.1,-0.1
Czechia,2014,0,0.8401223024231366,0.39625016488439474,0.8316163974556097,-0.1,-0.1,0.5377099345963751,-0.1
"CÃ´te d'Ivoire",2014,-0.1,-0.1,-0.1,-0.1,0.981900227864634,0.6045654544074995,-0.1,-0.1
"Democratic People's Republic of Korea",2014,-0.1,-0.1,-0.1,-0.1,-0.1,0.5390520278626036,-0.1,-0.1
"Democratic Republic of the Congo",2014,-0.1,-0.1,-0.1,-0.1,-0.1,0.5084513573149988,-0.1,-0.1
Denmark,2014,0,0.9724898602969284,0.5988891685133824,0.9945309848470812,0.30735333721989844,0.9093085732845186,0.583970804646981,-0.1
Djibouti,2014,-0.1,-0.1,-0.1,-0.1,0.9830137550176481,0.6179446020381434,-0.1,-0.1
Dominica,2014,-0.1,-0.1,-0.1,-0.1,0.8716506788134264,0.7318648585638801,-0.1,-0.1
"Dominican Republic",2014,0.6562179835940823,0.49339323627086396,0.24295967623171666,0.658811273957196,0.8775271229495748,0.718454917919369,0.7919854023234905,-0.1
Ecuador,2014,0.4816322563020642,-0.1,0.4859193524634333,0.6070257910548832,0.8571920402429762,0.7221874272278151,0.4160291953530189,-0.1
Egypt,2014,-0.1,-0.1,-0.1,-0.1,0.8993759951398651,0.6675992468246587,0.7697454791952953,-0.1
"El Salvador",2014,0.9632645126041284,0.30022719188095043,0.39625016488439474,0.5806890097181246,0.9094293355299821,0.6851425823515003,-0.1,-0.1
"Equatorial Guinea",2014,-0.1,-0.1,-0.1,-0.1,0.9367572128666263,0.8378423925814598,-0.1,-0.1
Eritrea,2014,-0.1,-0.1,-0.1,-0.1,0.9906317768176537,0.5497973724891363,-0.1,-0.1
Estonia,2014,0.25445635512549747,-0.1,0.5302979632814363,0.8551606774434015,0.6495245064883778,0.8152698539750127,0.583970804646981,-0.1
Ethiopia,2014,-0.1,-0.1,-0.1,-0.1,0.9852215179381844,0.5211466663312382,-0.1,-0.1
Fiji,2014,-0.1,-0.1,-0.1,-0.1,0.8614359785779101,0.7021350462745396,-0.1,-0.1
Finland,2014,0.1605440854340214,0.8502483626380086,0.6392098411161113,0.9087072830572926,0.598783341472312,0.8906214452474146,0.6593906738397313,-0.1
France,2014,0,0.8720067678878498,0.6511668842969229,0.9146441334584339,0.5814105186946559,0.8782757019721533,0.6910095361682882,-0.1
"French Guiana",2014,-0.1,-0.1,-0.1,-0.1,-0.1,-0.1,-0.1,-0.1
"French Polynesia",2014,-0.1,-0.1,-0.1,-0.1,-0.1,0.821901324408889,-0.1,-0.1
Gabon,2014,-0.1,-0.1,-0.1,-0.1,0.8959037291981714,0.7611014857479328,-0.1,-0.1
Gambia,2014,-0.1,-0.1,-0.1,-0.1,0.9841208269045278,0.5012854056626954,-0.1,-0.1
Georgia,2014,0.25445635512549747,0.5040458454358944,0,0.6598339119925871,0.8113324414185485,0.6849415656771035,0.7457245322728846,-0.1
Germany,2014,0,0.86292599221632,0.4859193524634333,0.8920749603473502,0.26473975477247347,0.8878918343703751,0.48299493849177877,-0.1
Ghana,2014,-0.1,-0.1,-0.1,-0.1,0.9423333569162553,0.5964324878414511,-0.1,-0.1
Greece,2014,0,0.8641558770586772,0,0.8142350851287451,0.6430503486697051,0.8214191914602459,0.9777600768718048,-0.1
Greenland,2014,0.705160583575934,-0.1,-0.1,-0.1,-0.1,0.879477199145659,-0.1,-0.1
Grenada,2014,0.4816322563020642,0.9894551003334149,0.6265691762849285,0.8622148615817473,0.8344306847059229,0.7433147514145279,-0.1,-0.1
Guadeloupe,2014,-0.1,-0.1,-0.1,-0.1,-0.1,-0.1,-0.1,-0.1
Guam,2014,-0.1,-0.1,-0.1,-0.1,-0.1,-0.1,-0.1,-0.1
Guatemala,2014,0.7953669157116641,0.327646691923335,0.30658097730535616,-0.1,0.9220600116596952,0.675910356293041,0.32969533691986563,-0.1
Guinea,2014,-0.1,-0.1,-0.1,-0.1,0.994852266065418,0.5421864798087397,-0.1,-0.1
Guinea-Bissau,2014,-0.1,-0.1,-0.1,-0.1,0.9895619176292131,0.5226043413864857,-0.1,-0.1
GuineaBissau,2014,-0.1,-0.1,-0.1,-0.1,-0.1,-0.1,-0.1,-0.1
Guyana,2014,-0.1,-0.1,-0.1,-0.1,0.9250913350791019,0.6836433083991542,-0.1,-0.1
Haiti,2014,-0.1,-0.1,-0.1,-0.1,0.9727502447203535,0.5524542638855908,-0.1,-0.1
"Holy See",2014,-0.1,-0.1,-0.1,-0.1,-0.1,-0.1,-0.1,-0.1
Honduras,2014,1,-0.1,-0.1,-0.1,0.9295499663716321,0.6426635260199803,-0.1,-0.1
"Hong Kong. China (SAR)",2014,-0.1,-0.1,-0.1,-0.1,0.47454104665471614,-0.1,-0.1,-0.1
Hungary,2014,0,0.7802686559905646,0.24295967623171666,0.8429613518030936,0.7182740002451747,0.7867404927313434,0.6240437930295284,-0.1
Iceland,2014,-0.1,0.8000328321445161,0.8102018888553429,0.84734586920501,0.4196025837644852,0.8950751907567219,0.48299493849177877,-0.1
India,2014,0.25445635512549747,-0.1,-0.1,-0.1,0.9310133403190496,0.6065703879144824,-0.1,-0.1
Indonesia,2014,-0.1,0.38712824126373985,0,0.2778542463672821,0.9027862530070898,0.6720716444486751,0.5377099345963751,-0.1
"Iran (Islamic Republic of)",2014,-0.1,-0.1,-0.1,-0.1,0.8085846333545547,-0.1,0.7196122763402332,-0.1
"Iran. Islamic Republic of",2014,-0.1,-0.1,-0.1,-0.1,-0.1,0.7084375867843035,-0.1,-0.1
Iraq,2014,-0.1,-0.1,-0.1,-0.1,0.915849078370179,0.7087697916339941,-0.1,-0.1
"Iraq (Central Iraq)",2014,0.5333159078712726,0,0,0.42902586280274896,-0.1,-0.1,-0.1,-0.1
"Iraq (Kurdistan Region)",2014,-0.1,-0.1,-0.1,-0.1,-0.1,-0.1,-0.1,-0.1
Ireland,2014,0,0.8720067678878498,0.5092199809343437,0.8821682251875194,0.3971096321587102,0.8986508964205832,0.7196122763402332,-0.1
Israel,2014,0,-0.1,-0.1,-0.1,0.5622976441001489,0.8703839473741107,0.5377099345963751,-0.1
Italy,2014,0,-0.1,-0.1,0.9094816422876734,0.6221966291517336,0.8639260975624183,0.7697454791952953,-0.1
Jamaica,2014,0.8300008811190378,0.614850769127946,0.7118589845633314,-0.1,0.8676301226137632,0.7013307612495646,0.7919854023234905,-0.1
Japan,2014,-0.1,0.5881043703653134,0,0.7089312163305568,0.5410569551171063,0.8689979774304712,0.4160291953530189,-0.1
Jordan,2014,-0.1,-0.1,-0.1,-0.1,0.8506438776314115,0.6986143603930994,0.7457245322728846,-0.1
Kazakhstan,2014,-0.1,-0.1,0.5988891685133824,0.8547564205629036,0.7687188589711236,0.7785136636847977,0.48299493849177877,-0.1
Kazakhstan*,2014,0.37277182243725127,-0.1,-0.1,-0.1,-0.1,-0.1,-0.1,-0.1
Kenya,2014,0.4150004405595189,0.15011359594047521,0.15329048865267808,0.3729978422862006,0.9517161952875016,0.5947048742366774,-0.1,-0.1
Kiribati,2014,-0.1,-0.1,-0.1,-0.1,0.9395656365050595,0.6118203727861965,-0.1,-0.1
"Korea (Republic of)",2014,-0.1,-0.1,-0.1,-0.1,0.551972461150722,-0.1,-0.1,-0.1
Kosovo,2014,-0.1,-0.1,-0.1,-0.1,-0.1,0.6867529838710602,-0.1,-0.1
"Kosovo under UNSCR 1244",2014,0.1605440854340214,0.8159089392307683,0.15329048865267808,0.8116583915136387,-0.1,-0.1,-0.1,-0.1
Kuwait,2014,-0.1,-0.1,-0.1,-0.1,0.7508582469993489,0.8793044544236146,-0.1,-0.1
Kyrgyzstan,2014,0.3210881708680428,0.42843168300466533,0.39625016488439474,0.6085929632894755,0.9142642612608513,0.5891002298297315,0.6240437930295284,-0.1
"Lao People's Democratic Republic",2014,-0.1,-0.1,-0.1,-0.1,0.9409545107407914,0.6160153601076298,-0.1,-0.1
Latvia,2014,0.3210881708680428,0.46921755108327756,0.30658097730535616,0.8375973324552761,0.722664293957563,0.7959108005793878,0.7196122763402332,-0.1
Lebanon,2014,0.3210881708680428,-0.1,0.24295967623171666,0.7513597039202188,0.8270373988726225,0.7468346709871239,-0.1,-0.1
Lesotho,2014,-0.1,-0.1,-0.1,-0.1,0.9692027241510822,0.5716520536159062,-0.1,-0.1
Liberia,2014,-0.1,-0.1,-0.1,-0.1,0.9884860310332673,0.5045874444508903,-0.1,-0.1
Libya,2014,-0.1,-0.1,-0.1,-0.1,0.8832281243855856,0.736834917231986,-0.1,-0.1
Liechtenstein,2014,0.25445635512549747,0.8729284528899963,0.5672422126236263,0.7665753846559711,0.517154629102141,0.995985828988766,-0.1,-0.1
Lithuania,2014,0.37277182243725127,-0.1,0.3559294922816657,0.7970650385258895,0.6895747032576224,0.8005533354571466,0.7196122763402332,-0.1
Luxembourg,2014,0,0.9107942470689737,0.5672422126236263,0.907340081010562,0.5720930919923719,0.9614133686693404,0.5377099345963751,-0.1
Madagascar,2014,-0.1,0,0.15329048865267808,0,0.9668005620921596,0.5036834124247714,-0.1,-0.1
Malawi,2014,-0.1,-0.1,-0.1,-0.1,0.9807801697232416,0.48406969174004655,-0.1,-0.1
Malaysia,2014,-0.1,-0.1,-0.1,-0.1,0.7786847391510248,0.7686404432175798,0.32969533691986563,-0.1
Maldives,2014,-0.1,-0.1,-0.1,-0.1,0.8887638559145544,0.7466541166747257,-0.1,-0.1
Mali,2014,-0.1,-0.1,-0.1,-0.1,0.9863159012522101,0.5547352035167223,0.6240437930295284,-0.1
Malta,2014,0,0.8148592084585244,0.24295967623171666,0.9149518881928845,0.6677258310673322,0.8362809048273409,0.5377099345963751,-0.1
"Marshall Islands",2014,-0.1,-0.1,-0.1,-0.1,-0.1,0.6727745490621712,-0.1,-0.1
Martinique,2014,-0.1,-0.1,-0.1,-0.1,-0.1,-0.1,-0.1,-0.1
Mauritania,2014,-0.1,-0.1,-0.1,-0.1,0.965588054109883,0.5985853410180604,-0.1,-0.1
Mauritius,2014,-0.1,-0.1,-0.1,-0.1,0.7942192643174204,0.758060535407198,0.6240437930295284,-0.1
Mayotte,2014,-0.1,-0.1,-0.1,-0.1,-0.1,-0.1,-0.1,-0.1
Mexico,2014,0.6421763417360856,0.6800173326103602,0.5495406535370728,0.5963107879610724,0.8295337659975028,0.7611732978355639,0.48299493849177877,-0.1
"Micronesia (Federated States of)",2014,-0.1,-0.1,-0.1,-0.1,0.9250913350791019,0.660926429058878,-0.1,-0.1
"Moldova (Republic of)",2014,-0.1,-0.1,-0.1,-0.1,0.8923671583932828,-0.1,-0.1,-0.1
Monaco,2014,-0.1,-0.1,-0.1,-0.1,-0.1,1,-0.1,-0.1
Mongolia,2014,0.45070422845043645,0.6712616435470878,0.5092199809343437,0.6841877399625188,0.8635230962447856,0.6871262160713679,0.6240437930295284,-0.1
Montenegro,2014,0.25445635512549747,0.6864594346326043,0,0.5988692703580989,0.7392808014271895,0.733029206903294,0.8674052715162407,-0.1
Montserrat,2014,-0.1,-0.1,-0.1,-0.1,-0.1,0.7706054323836717,-0.1,-0.1
Morocco,2014,0,-0.1,-0.1,-0.1,0.9189797938239253,0.6657907974222552,0.6910095361682882,-0.1
Mozambique,2014,-0.1,-0.1,-0.1,-0.1,0.9927536804888759,0.5299266699758582,0.9659898769835575,-0.1
Myanmar,2014,0.25445635512549747,-0.1,0,0.21621262923510554,0.9504036858896036,0.5866806908674743,-0.1,-0.1
Namibia,2014,-0.1,-0.1,-0.1,-0.1,0.9220600116596952,0.7070028747937301,-0.1,-0.1
Nauru,2014,-0.1,-0.1,-0.1,-0.1,-0.1,0.8062824679978673,-0.1,-0.1
Nepal,2014,0.1605440854340214,-0.1,-0.1,-0.1,0.9490820933094323,0.5396415542926447,0.32969533691986563,-0.1
Netherlands,2014,0,1,0.4303408078237111,0.984077502245627,0.37160922681241326,0.8945431153194553,0.583970804646981,-0.1
"New Caledonia",2014,-0.1,-0.1,-0.1,-0.1,-0.1,0.8714527621205501,-0.1,-0.1
"New Zealand",2014,-0.1,-0.1,-0.1,-0.1,0.48982675176549684,0.8809376021722676,0.5377099345963751,-0.1
"New Zealand****",2014,0,-0.1,-0.1,-0.1,-0.1,-0.1,-0.1,-0.1
Nicaragua,2014,-0.1,-0.1,-0.1,-0.1,0.9205261129257307,0.6243198279869135,-0.1,-0.1
Niger,2014,-0.1,-0.1,-0.1,-0.1,0.9989814943021958,0.4995833739823612,-0.1,-0.1
Nigeria,2014,-0.1,-0.1,-0.1,-0.1,0.9594072762588592,0.6647686745834402,0.48299493849177877,-0.1
Niue,2014,-0.1,-0.1,-0.1,-0.1,-0.1,-0.1,-0.1,-0.1
Norway,2014,0,0.7742564825274797,0.6835884519341144,0.9283767838847494,0,0.9454881943869431,0.4160291953530189,-0.1
Oman,2014,-0.1,-0.1,-0.1,-0.1,0.7545665065379703,0.8119537167335342,-0.1,-0.1
Pakistan,2014,-0.1,-0.1,-0.1,-0.1,0.9530197455070691,0.5930017251081494,0.5377099345963751,-0.1
Palau,2014,-0.1,-0.1,-0.1,-0.1,0.7818943838746145,0.7670666575840153,-0.1,-0.1
"Palestine. State of",2014,-0.1,-0.1,-0.1,-0.1,0.9044688133686284,-0.1,-0.1,-0.1
Panama,2014,0.6272281775627488,0.3700260390930215,0.7028311421897508,0.7614214098624413,0.7818943838746145,0.7782936839263196,0.48299493849177877,-0.1
"Papua New Guinea",2014,-0.1,-0.1,-0.1,-0.1,0.9619036433837396,0.6586871557569954,-0.1,-0.1
Paraguay,2014,0.5089127102509949,-0.1,0.6511668842969229,0.7700973507412552,0.8976477537912246,0.6965777801088889,0.5377099345963751,-0.1
Peru,2014,0.45070422845043645,-0.1,0.7446822806085288,0.6837709154859909,0.8528516405519477,0.7235336080105581,-0.1,-0.1
Philippines,2014,-0.1,-0.1,0.5092199809343437,0.571519747317302,0.9077901034421786,0.6558139635385992,0.583970804646981,-0.1
Philippines*,2014,0.5333159078712726,-0.1,-0.1,-0.1,-0.1,-0.1,-0.1,-0.1
Poland,2014,0,0.7412612832765195,0.3559294922816657,0.7325593574977254,0.6843423385369587,0.7869215538453,0.6593906738397313,-0.1
Portugal,2014,0,0.7936204281518143,0.30658097730535616,0.8174494303789898,0.7091785019416826,0.8237461748674105,0.7919854023234905,-0.1
"Puerto Rico",2014,0.6694567956850164,0.7907175117334843,0.15329048865267808,0.8043518268064648,-0.1,0.8424162114497157,0.7919854023234905,-0.1
Qatar,2014,-0.1,-0.1,-0.1,-0.1,0.6677258310673322,0.9438912409724245,-0.1,-0.1
"Republic of Korea",2014,0,0.696842094516268,-0.1,0.7574061222551485,-0.1,0.8438695036258151,0.4160291953530189,-0.1
"Republic of Moldova",2014,0.25445635512549747,0.6846496163400172,0.4859193524634333,0.7262670495406589,-0.1,0.6243198279869135,0.4160291953530189,-0.1
Reunion,2014,-0.1,-0.1,-0.1,-0.1,-0.1,-0.1,-0.1,-0.1
Romania,2014,-0.1,0.7598075536947323,0.30658097730535616,0.8120916794691867,0.7470765518260336,0.7597006670916389,0.583970804646981,-0.1
Romania***,2014,0.1605440854340214,-0.1,-0.1,-0.1,-0.1,-0.1,-0.1,-0.1
"Russian Federation",2014,0.5755445259935403,0.696842094516268,0.24295967623171666,0.7785723990025856,0.7432184536248265,0.7871778622702406,0.48299493849177877,-0.1
Rwanda,2014,-0.1,-0.1,-0.1,-0.1,0.9680054201308906,0.5391702712290943,-0.1,-0.1
"Saint Kitts and Nevis",2014,-0.1,-0.1,-0.1,-0.1,0.8219445806438592,0.7942516735730739,-0.1,-0.1
"Saint Lucia",2014,-0.1,-0.1,-0.1,-0.1,0.8635230962447856,0.7364589331221714,-0.1,-0.1
"Saint Pierre and Miquelon",2014,-0.1,-0.1,-0.1,-0.1,-0.1,-0.1,-0.1,-0.1
"Saint Vincent and the Grenadines",2014,-0.1,-0.1,-0.1,-0.1,0.8775271229495748,0.7250067511068355,-0.1,-0.1
Samoa,2014,-0.1,-0.1,-0.1,-0.1,0.886936383924207,0.6889482508745489,-0.1,-0.1
"San Marino",2014,-0.1,-0.1,-0.1,-0.1,-0.1,0.9038542423494522,0.583970804646981,-0.1
"Sao Tome and Principe",2014,-0.1,-0.1,-0.1,-0.1,0.946411149551434,0.6246552927709657,-0.1,-0.1
"Saudi Arabia",2014,0,-0.1,-0.1,-0.1,0.6946675214863857,0.8320133876483586,0.5377099345963751,-0.1
Senegal,2014,-0.1,-0.1,-0.1,-0.1,0.9715750449152071,0.5723657879005906,-0.1,-0.1
Serbia,2014,0,0.7679675471340393,0,0.6886802257044228,0.8000957084535689,0.7192017997142591,0.8836309326679426,-0.1
Seychelles,2014,-0.1,-0.1,-0.1,-0.1,0.7912118105768985,0.7866761494348606,-0.1,-0.1
"Sierra Leone",2014,-0.1,-0.1,-0.1,-0.1,0.9906317768176537,0.5499011614009364,0.32969533691986563,-0.1
Singapore,2014,-0.1,0.24482473003492455,0.24295967623171666,0.6833526462076962,0.30735333721989844,0.8998737766940261,0.32969533691986563,-0.1
"Sint Maarten (Dutch part)",2014,-0.1,-0.1,-0.1,-0.1,-0.1,0.8435767843177849,-0.1,-0.1
Slovakia,2014,0,0.7049296194927385,0.15329048865267808,0.7040899139732458,0.7044629693786087,0.8095556414812626,0.7697454791952953,-0.1
Slovenia,2014,0,0.8866803121389337,0.15329048865267808,0.8789806696704306,0.6147066744397969,0.8305391400335809,0.6910095361682882,-0.1
"Solomon Islands",2014,-0.1,-0.1,-0.1,-0.1,0.9643677984202129,0.6227930933988771,-0.1,-0.1
Somalia,2014,-0.1,-0.1,-0.1,-0.1,-0.1,0.41210745697544104,-0.1,-0.1
"South Africa",2014,0.8098476404611586,-0.1,-0.1,-0.1,0.9126661819295196,0.7231674943965429,0.9659898769835575,-0.1
"South Sudan",2014,-0.1,-0.1,-0.1,-0.1,0.9927536804888759,0.5934919437615896,-0.1,-0.1
Spain,2014,0,0.8435817095652682,0.24295967623171666,0.7019540959872193,0.6294038756467278,0.8482978340932864,0.9537391299493939,-0.1
"Sri Lanka",2014,-0.1,-0.1,-0.1,-0.1,0.8193463179012649,0.6805815310614586,0.4160291953530189,-0.1
"Sri Lanka*",2014,-0.1,-0.1,-0.1,-0.1,-0.1,-0.1,-0.1,-0.1
"State of Palestine",2014,-0.1,-0.1,-0.1,-0.1,-0.1,0.6536943246594307,0.9890860107595969,-0.1
Sudan,2014,-0.1,-0.1,-0.1,-0.1,0.9750791682872306,0.6155492779886573,-0.1,-0.1
Suriname,2014,-0.1,-0.1,-0.1,-0.1,0.8736296536801593,0.7563363426499992,0.583970804646981,-0.1
Swaziland,2014,-0.1,-0.1,-0.1,-0.1,0.954314458030096,0.6730075237312924,-0.1,-0.1
Sweden,2014,0,0.9317328983498976,0.923171704905292,1,0.50397910419865,0.9049011698972009,0.6240437930295284,-0.1
Switzerland,2014,-0.1,0.9092186324914114,0.4303408078237111,0.9156873129128841,0.13236987738623673,0.9353368155773233,0.48299493849177877,-0.1
"Syrian Arab Republic",2014,-0.1,-0.1,-0.1,-0.1,0.9556004518841564,0.6180353530011702,-0.1,-0.1
"Taiwan Province of China",2014,-0.1,-0.1,-0.1,-0.1,-0.1,-0.1,-0.1,-0.1
Tajikistan,2014,-0.1,-0.1,-0.1,-0.1,0.9280752921274172,0.5777154922754085,-0.1,-0.1
"Tanzania (United Republic of)",2014,-0.1,-0.1,-0.1,-0.1,0.9581467478164156,-0.1,-0.1,-0.1
Thailand,2014,0.3210881708680428,0.28413340228334805,0.15329048865267808,0.4920387511228135,0.8528516405519477,0.7160486893482699,0,-0.1
"The former Yugoslav Republic of Macedonia",2014,0.1605440854340214,0.881171626025958,0.15329048865267808,0.661351800760711,0.8415483793279194,0.7089053083325523,1,-0.1
Timor-Leste,2014,-0.1,-0.1,-0.1,-0.1,0.9339068709125622,0.6745516811459628,-0.1,-0.1
TimorLeste,2014,-0.1,-0.1,-0.1,-0.1,-0.1,-0.1,-0.1,-0.1
Togo,2014,-0.1,-0.1,-0.1,-0.1,0.9762330652460536,0.5325289872864144,-0.1,-0.1
Tonga,2014,-0.1,-0.1,-0.1,-0.1,0.8813466375834886,0.6855431497297625,-0.1,-0.1
"Trinidad and Tobago",2014,0.7877722629967701,0.71766687782324,0.5988891685133824,0.6232376465908693,0.7971800889853953,0.8161541557006595,0.32969533691986563,-0.1
Tunisia,2014,-0.1,-0.1,-0.1,-0.1,0.8736296536801593,0.68858320342707,-0.1,-0.1
Turkey,2014,-0.1,-0.1,-0.1,-0.1,0.8140412721651974,0.7609576734460574,0.6910095361682882,-0.1
Turkmenistan,2014,-0.1,-0.1,-0.1,-0.1,0.8993759951398651,0.7421273046142386,-0.1,-0.1
"Turks and Caicos Islands",2014,-0.1,-0.1,-0.1,-0.1,-0.1,0.8292999965579915,-0.1,-0.1
Tuvalu,2014,-0.1,-0.1,-0.1,-0.1,-0.1,0.6787577489125305,-0.1,-0.1
Uganda,2014,0.5755445259935403,0.39493832597539974,0.24295967623171666,0.4593521171000081,0.9727502447203535,0.5452059968934876,-0.1,-0.1
Ukraine,2014,-0.1,-0.1,-0.1,-0.1,0.8461502734671293,0.6584653946250542,0.6593906738397313,-0.1
"United Arab Emirates",2014,0,0.39493832597539974,0,0.5160677210493728,0.7137803960808927,0.8809971957732132,-0.1,-0.1
"United Kingdom",2014,-0.1,-0.1,-0.1,-0.1,0.5294795095449469,-0.1,-0.1,-0.1
"United Kingdom (England and Wales)",2014,-0.1,0.8984136516535239,0.869528852516645,0.9291989803381511,-0.1,-0.1,-0.1,-0.1
"United Kingdom (Northern Ireland)",2014,-0.1,0.8444330474188507,0.7925003297687895,0.8695976263603372,-0.1,-0.1,-0.1,-0.1
"United Kingdom (Scotland)",2014,-0.1,0.8134469035495915,0.7798596649376065,0.8958062056909623,-0.1,-0.1,-0.1,-0.1
"United Kingdom of Great Britain and Northern Ireland",2014,0,-0.1,-0.1,-0.1,-0.1,0.885305727033381,0.5377099345963751,-0.1
"United Republic of Tanzania",2014,0.4816322563020642,0.4553100366626089,0.5495406535370728,0.08364246257916169,-0.1,-0.1,0.6910095361682882,-0.1
"United Republic of Tanzania: Mainland",2014,-0.1,-0.1,-0.1,-0.1,-0.1,0.5651064656040056,-0.1,-0.1
"United Republic of Tanzania: Zanzibar",2014,-0.1,-0.1,-0.1,-0.1,-0.1,0.5634514407688634,-0.1,-0.1
"United States",2014,-0.1,-0.1,-0.1,-0.1,0.43972321460613517,0.8980961325841946,-0.1,-0.1
"United States of America",2014,0.3210881708680428,0.858659589029684,0.7985596520306002,0.9056920006812611,-0.1,-0.1,0.5377099345963751,-0.1
"United States Virgin Islands",2014,-0.1,-0.1,-0.1,-0.1,-0.1,-0.1,-0.1,-0.1
Uruguay,2014,0.4816322563020642,-0.1,0.4859193524634333,0.9650825359804921,0.7617737530329647,0.8009528496851188,0.5377099345963751,-0.1
Uzbekistan,2014,-0.1,-0.1,-0.1,-0.1,0.8887638559145544,0.6315172875745424,-0.1,-0.1
Vanuatu,2014,-0.1,-0.1,-0.1,-0.1,0.9353373597411082,0.6633422156875931,-0.1,-0.1
"Venezuela (Bolivarian Republic of)",2014,0.9559110011456855,-0.1,-0.1,-0.1,0.8140412721651974,0.7724064148544051,0.583970804646981,-0.1
"Viet Nam",2014,-0.1,-0.1,-0.1,-0.1,0.9061366786922106,0.6265990209824002,0.20801459767650946,-0.1
Yemen,2014,-0.1,-0.1,-0.1,-0.1,0.9785201508533661,0.5904425073519484,-0.1,-0.1
Zambia,2014,-0.1,-0.1,-0.1,-0.1,0.9423333569162553,0.6138491983182242,-0.1,-0.1
Zimbabwe,2014,-0.1,-0.1,-0.1,-0.1,0.9619036433837396,0.563010322999682,0.7196122763402332,-0.1
